{"dim:": [5, 10, 8], "func:": 1, "layer1": [[4.2391648415802958, -3.51191162118324, 4.8642054768178387, 4.1089780631477906, -8.4010521123274593], [5.8626538886220256, -8.7439530570294419, 17.77072358722118, -2.3265151091254634, -5.0878996613781968], [4.1150091157208344, -21.523258418327035, 19.717219931317263, 5.221499213549599, -8.1913782924283112], [4.2997729439190016, 3.25901890080574, 2.3331419026742966, -1.9042281472042164, -3.9137894993134159], [-3.8536313855016568, -0.48253481961970213, -1.521105853431912, -1.6904036691462037, -2.3957110705355342], [3.9738267287739766, 3.9580686401394995, 5.922242137467796, 3.323020706881195, 4.105999729873135], [2.8972721983078018, 3.118914734704008, 1.2248309508157724, 0.99265612206870846, -1.2746077798560105], [4.9737944798189098, 0.33145595707497083, 6.130823173466867, 1.8651746562998632, -10.25391520061137], [7.2068687524855433, -1.6221942657895732, -1.0317854204826948, -4.1538817061373843, -3.1587519835612161], [-13.600085364142148, 8.0491286374936646, -8.4791287827724116, -8.1030819898838775, -23.556252303957109]], "layer0": [[], [], [], [], []], "layer2": [[0.21071084280028229, -1.5755621898696575, -2.6482365885094796, -0.8345213532489375, -4.5737550722498082, -1.2264705706177708, -1.4064134808422648, -1.0884483765263036, -0.73040340260044989, -2.5127867497596368], [-1.4967117780876096, -3.9768281275949877, 2.9457308272704781, -1.4968463377288261, -8.2955684872838145, -1.9073419634676236, -1.8497588737300388, -1.3997884524383759, -2.5218739040771516, 2.9023842082596643], [-5.8765205477838505, -2.4283296642006156, -2.3257046543054387, -10.486099584099698, -5.7140566956715189, 5.6073314558644602, 7.3562382131330972, -1.620572570404184, 7.3737423795781414, 5.4876736196048084], [11.466001910778608, -14.550550600280086, -1.627885626156345, 1.5680400272850021, 1.4367525074238445, 6.2894116634812018, -3.0008345892608426, -3.1609391759810532, -1.3774358037773629, -1.8438655514674291], [-3.850176395147725, 9.2750958041109897, 1.132344332138898, 8.3412998539558867, -1.353314442609042, -10.959128313300548, -5.3119055579238585, 7.1247476952650111, -7.4445615856278433, -1.2953273518679487], [-0.20326505543160187, -5.0169095915402062, 3.8490530894913095, -1.3443715358826451, -13.296787978392089, 7.8821668399055715, -11.832391262844945, -2.0671654571479734, -4.042403566267617, 8.2434502970246459], [0.87858499767696396, -4.42374655995566, 4.5624064435497234, 1.611019820255865, -8.0328472374743249, -3.135027309267826, -2.8731100863992389, 0.60651151894008537, 0.26502844473383697, 0.6373459148329369], [-0.62291177234605644, -1.3596830132272906, -2.1888484705930948, -0.15177962605509426, -4.774797145608872, -0.92517839905758781, -1.3208108082580079, -1.325979458958608, -1.4255292770408574, -1.9983378845188031]]}